fitness_avg_points_per_move,w1,w2,w3,w4
0.704,-0.5997794361264661,0.17724003816213582,-0.6984123114661005,-0.3479523531529591
